{"cameraMode":{"drawMode":0,"name":"Shaded","section":"Shading Mode"},"sceneLighting":false,"audioPlay":false,"sceneViewState":{"m_AlwaysRefresh":false,"showFog":false,"showSkybox":false,"showFlares":false,"showImageEffects":false,"showParticleSystems":false,"showVisualEffectGraphs":true,"m_FxEnabled":true},"in2DMode":false,"pivot":{"x":-0.17508447170257569,"y":0.8423444628715515,"z":-0.02285599708557129},"rotation":{"x":-0.015762513503432275,"y":-0.9842542409896851,"z":0.13098566234111787,"w":-0.1180618479847908},"size":1.1239683628082276,"orthographic":false}