{"cameraMode":{"drawMode":0,"name":"Shaded","section":"Shading Mode"},"sceneLighting":true,"audioPlay":false,"sceneViewState":{"m_AlwaysRefresh":false,"showFog":true,"showSkybox":true,"showFlares":true,"showImageEffects":true,"showParticleSystems":true,"showVisualEffectGraphs":true,"m_FxEnabled":true},"in2DMode":false,"pivot":{"x":0.9062768220901489,"y":1.7958120107650757,"z":3.0769450664520265},"rotation":{"x":-0.0007292480440810323,"y":-0.9870477914810181,"z":0.0044399346224963669,"w":-0.16039538383483888},"size":1.2247449159622193,"orthographic":false}