{"cameraMode":{"drawMode":0,"name":"Shaded","section":"Shading Mode"},"sceneLighting":true,"audioPlay":false,"sceneViewState":{"m_AlwaysRefresh":false,"showFog":true,"showSkybox":true,"showFlares":true,"showImageEffects":true,"showParticleSystems":true,"showVisualEffectGraphs":true,"m_FxEnabled":true},"in2DMode":false,"pivot":{"x":-10.352365493774414,"y":0.7091927528381348,"z":16.236621856689454},"rotation":{"x":0.047375038266181949,"y":-0.9213576316833496,"z":0.11675253510475159,"w":0.3681788444519043},"size":3.3022594451904299,"orthographic":false}