{"cameraMode":{"drawMode":0,"name":"Shaded","section":"Shading Mode"},"sceneLighting":false,"audioPlay":false,"sceneViewState":{"m_AlwaysRefresh":false,"showFog":true,"showSkybox":false,"showFlares":true,"showImageEffects":true,"showParticleSystems":true,"showVisualEffectGraphs":true,"m_FxEnabled":true},"in2DMode":false,"pivot":{"x":-3.2007737159729006,"y":21.829301834106447,"z":91.51492309570313},"rotation":{"x":-0.001295813242904842,"y":-0.9961073994636536,"z":0.08717772364616394,"w":-0.017210667952895166},"size":0.560775101184845,"orthographic":false}