{"cameraMode":{"drawMode":0,"name":"Shaded","section":"Shading Mode"},"sceneLighting":false,"audioPlay":false,"sceneViewState":{"m_AlwaysRefresh":false,"showFog":true,"showSkybox":false,"showFlares":true,"showImageEffects":true,"showParticleSystems":true,"showVisualEffectGraphs":true,"m_FxEnabled":true},"in2DMode":false,"pivot":{"x":-0.0013158023357391358,"y":-0.05452107638120651,"z":0.027848362922668458},"rotation":{"x":0.005320909433066845,"y":0.980803906917572,"z":-0.19658806920051576,"w":-0.015254554338753224},"size":0.37025296688079836,"orthographic":false}