{"cameraMode":{"drawMode":0,"name":"Shaded","section":"Shading Mode"},"sceneLighting":false,"audioPlay":false,"sceneViewState":{"m_AlwaysRefresh":false,"showFog":false,"showSkybox":false,"showFlares":false,"showImageEffects":false,"showParticleSystems":false,"showVisualEffectGraphs":true,"m_FxEnabled":true},"in2DMode":false,"pivot":{"x":0.17699216306209565,"y":1.0949705839157105,"z":-0.6294496655464172},"rotation":{"x":0.005843506660312414,"y":0.9933866858482361,"z":-0.05848599225282669,"w":0.09896374493837357},"size":1.123968243598938,"orthographic":false}