{"cameraMode":{"drawMode":0,"name":"Shaded","section":"Shading Mode"},"sceneLighting":false,"audioPlay":false,"sceneViewState":{"m_AlwaysRefresh":false,"showFog":false,"showSkybox":false,"showFlares":false,"showImageEffects":false,"showParticleSystems":false,"showVisualEffectGraphs":true,"m_FxEnabled":true},"in2DMode":false,"pivot":{"x":-0.14175036549568177,"y":0.946501612663269,"z":0.02972412109375},"rotation":{"x":0.007442066911607981,"y":-0.9925468564033508,"z":0.08838488161563873,"w":0.08418839424848557},"size":1.1376394033432007,"orthographic":false}