{"cameraMode":{"drawMode":0,"name":"Shaded","section":"Shading Mode"},"sceneLighting":true,"audioPlay":false,"sceneViewState":{"m_AlwaysRefresh":false,"showFog":true,"showSkybox":false,"showFlares":true,"showImageEffects":true,"showParticleSystems":true,"showVisualEffectGraphs":true,"m_FxEnabled":true},"in2DMode":false,"pivot":{"x":-297.2292785644531,"y":11.300338745117188,"z":125.47254943847656},"rotation":{"x":-0.2800554633140564,"y":-0.0032166268210858108,"z":0.0006883900496177375,"w":-0.960185170173645},"size":12.12435531616211,"orthographic":false}