{"cameraMode":{"drawMode":0,"name":"Shaded","section":"Shading Mode"},"sceneLighting":true,"audioPlay":false,"sceneViewState":{"m_AlwaysRefresh":false,"showFog":true,"showSkybox":true,"showFlares":true,"showImageEffects":true,"showParticleSystems":true,"showVisualEffectGraphs":true,"m_FxEnabled":true},"in2DMode":false,"pivot":{"x":-116.35472106933594,"y":120.05815124511719,"z":378.2936096191406},"rotation":{"x":-0.026780780404806138,"y":-0.9757958650588989,"z":0.19777166843414308,"w":-0.09445967525243759},"size":3.5595803260803224,"orthographic":false}